{"cameraMode":{"drawMode":0,"name":"Shaded","section":"Shading Mode"},"sceneLighting":true,"audioPlay":false,"sceneViewState":{"m_AlwaysRefresh":false,"showFog":true,"showSkybox":true,"showFlares":true,"showImageEffects":true,"showParticleSystems":true,"showVisualEffectGraphs":true,"m_FxEnabled":true},"in2DMode":false,"pivot":{"x":-4.278940200805664,"y":-4.351729393005371,"z":-23.353635787963868},"rotation":{"x":0.025295019149780275,"y":-0.9747156500816345,"z":0.14760728180408479,"w":0.16644658148288728},"size":20.293426513671876,"orthographic":false}