{"cameraMode":{"drawMode":0,"name":"Shaded","section":"Shading Mode"},"sceneLighting":true,"audioPlay":false,"sceneViewState":{"m_AlwaysRefresh":false,"showFog":true,"showSkybox":true,"showFlares":true,"showImageEffects":true,"showParticleSystems":true,"showVisualEffectGraphs":true,"m_FxEnabled":true},"in2DMode":false,"pivot":{"x":13.366055488586426,"y":0.1846950203180313,"z":0.007567912340164185},"rotation":{"x":-0.0010963056702166796,"y":-0.7147811055183411,"z":0.0014565843157470227,"w":-0.6995800733566284},"size":9.550000190734864,"orthographic":false}