{"cameraMode":{"drawMode":0,"name":"Shaded","section":"Shading Mode"},"sceneLighting":false,"audioPlay":false,"sceneViewState":{"m_AlwaysRefresh":false,"showFog":true,"showSkybox":false,"showFlares":true,"showImageEffects":true,"showParticleSystems":true,"showVisualEffectGraphs":true,"m_FxEnabled":true},"in2DMode":false,"pivot":{"x":485.5185852050781,"y":206.17225646972657,"z":-21.24384307861328},"rotation":{"x":0.0029165507294237615,"y":-0.9425583481788635,"z":0.334911584854126,"w":0.009017457254230976},"size":72.76715850830078,"orthographic":false}